{"acc": 0.926605504587156, "f1": 0.9287305122494433, "mcc": 0.8533245461873777}