{"acc": 0.822627037392138, "f1": 0.8785292186474064, "mcc": 0.5642446874338215}