{"acc": 0.6570397111913358, "f1": 0.5777777777777777, "mcc": 0.3137523867457425}